{
  "auc_roc": 0.9088677010230476,
  "average_precision": 0.49422776358515685,
  "accuracy": 0.9313086327767806,
  "precision": 0.28373037068689244,
  "recall": 0.6535433070866141,
  "f1": 0.3956797020484171,
  "test_size": 118108,
  "fraud_count": 4064,
  "fraud_rate": 0.034409184813899145
}