{
  "auc_roc": 0.9432458217651973,
  "average_precision": 0.6610038307579673,
  "accuracy": 0.9346276289497748,
  "precision": 0.32265717674970346,
  "recall": 0.7897411081538834,
  "f1": 0.4581374131518001,
  "test_size": 118108,
  "fraud_count": 4133,
  "fraud_rate": 0.0349933958749619
}