{
  "auc_roc": 0.9088677010230476,
  "average_precision": 0.49422776358515685,
  "f1": 0.3956797020484171,
  "precision": 0.28373037068689244,
  "recall": 0.6535433070866141,
  "test_size": 118108,
  "train_size": 472432,
  "fraud_rate_train": 0.03513521522674162,
  "fraud_rate_test": 0.034409184813899145
}