{
  "auc_roc": 0.9432458217651973,
  "average_precision": 0.6610038307579673,
  "f1": 0.4581374131518001,
  "precision": 0.32265717674970346,
  "recall": 0.7897411081538834,
  "test_size": 118108,
  "train_size": 472432,
  "fraud_rate_train": 0.03498916246147594,
  "fraud_rate_test": 0.0349933958749619
}